{"theta0": 2.3602416317676917e-16, "theta1": -0.8561007461082423, "mean_x": 101066.25, "std_x": 51565.1899106445, "mean_y": 6331.833333333333, "std_y": 1291.8688873961717}